{"cameraMode":{"drawMode":0,"name":"Shaded","section":"Shading Mode"},"sceneLighting":false,"audioPlay":false,"sceneViewState":{"m_AlwaysRefresh":false,"showFog":true,"showSkybox":false,"showFlares":true,"showImageEffects":true,"showParticleSystems":true,"showVisualEffectGraphs":true,"m_FxEnabled":true},"in2DMode":false,"pivot":{"x":-0.9471026659011841,"y":-0.29941311478614809,"z":1.532606601715088},"rotation":{"x":0.09839919209480286,"y":-0.23385079205036164,"z":0.023796353489160539,"w":0.967106819152832},"size":1.5017039775848389,"orthographic":false}