{"cameraMode":{"drawMode":0,"name":"Shaded","section":"Shading Mode"},"sceneLighting":false,"audioPlay":false,"sceneViewState":{"m_AlwaysRefresh":false,"showFog":true,"showSkybox":false,"showFlares":true,"showImageEffects":true,"showParticleSystems":true,"showVisualEffectGraphs":true,"m_FxEnabled":true},"in2DMode":false,"pivot":{"x":-0.7269963026046753,"y":-0.8948426842689514,"z":1.737640142440796},"rotation":{"x":0.21134187281131745,"y":-0.09246227890253067,"z":0.020091557875275613,"w":0.9729394316673279},"size":1.8200873136520386,"orthographic":false}