{"cameraMode":{"drawMode":0,"name":"Shaded","section":"Shading Mode"},"sceneLighting":false,"audioPlay":false,"sceneViewState":{"m_AlwaysRefresh":false,"showFog":true,"showSkybox":false,"showFlares":true,"showImageEffects":true,"showParticleSystems":true,"showVisualEffectGraphs":true,"m_FxEnabled":true},"in2DMode":false,"pivot":{"x":-0.0003819987177848816,"y":0.039215996861457828,"z":0.014277458190917969},"rotation":{"x":-0.07795316725969315,"y":-0.8964909911155701,"z":0.1735624223947525,"w":-0.4005390703678131},"size":0.7697893381118774,"orthographic":false}