{"cameraMode":{"drawMode":0,"name":"Shaded","section":"Shading Mode"},"sceneLighting":true,"audioPlay":false,"sceneViewState":{"m_AlwaysRefresh":false,"showFog":true,"showSkybox":true,"showFlares":true,"showImageEffects":true,"showParticleSystems":true,"showVisualEffectGraphs":true,"m_FxEnabled":true},"in2DMode":false,"pivot":{"x":0.5012812614440918,"y":1.8462157249450684,"z":-3.1169490814208986},"rotation":{"x":-0.2521073520183563,"y":0.11780081689357758,"z":-0.03093530423939228,"w":-0.9600112438201904},"size":0.8784574270248413,"orthographic":false}