{"cameraMode":{"drawMode":0,"name":"Shaded","section":"Shading Mode"},"sceneLighting":false,"audioPlay":false,"sceneViewState":{"m_AlwaysRefresh":false,"showFog":true,"showSkybox":true,"showFlares":true,"showImageEffects":true,"showParticleSystems":true,"showVisualEffectGraphs":true,"m_FxEnabled":true},"in2DMode":false,"pivot":{"x":-9.175344467163086,"y":-8.813254356384278,"z":31.520179748535158},"rotation":{"x":0.21270956099033357,"y":0.09626254439353943,"z":-0.021038681268692018,"w":0.9721892476081848},"size":16.49957275390625,"orthographic":false}