{"cameraMode":{"drawMode":0,"name":"Shaded","section":"Shading Mode"},"sceneLighting":false,"audioPlay":false,"sceneViewState":{"m_AlwaysRefresh":false,"showFog":true,"showSkybox":true,"showFlares":true,"showImageEffects":true,"showParticleSystems":true,"showVisualEffectGraphs":true,"m_FxEnabled":true},"in2DMode":false,"pivot":{"x":-0.880972683429718,"y":0.8088981509208679,"z":3.7901463508605959},"rotation":{"x":0.009243356995284558,"y":-0.9891195297241211,"z":0.07376465946435929,"w":0.12807707488536836},"size":0.23864497244358064,"orthographic":false}