{"cameraMode":{"drawMode":0,"name":"Shaded","section":"Shading Mode"},"sceneLighting":false,"audioPlay":false,"sceneViewState":{"m_AlwaysRefresh":false,"showFog":true,"showSkybox":true,"showFlares":true,"showImageEffects":true,"showParticleSystems":true,"showVisualEffectGraphs":true,"m_FxEnabled":true},"in2DMode":false,"pivot":{"x":-31.886096954345704,"y":1.0980342626571656,"z":-7.803205966949463},"rotation":{"x":0.0011031512403860689,"y":-0.998192548751831,"z":0.018863825127482415,"w":0.05725530534982681},"size":6.56459903717041,"orthographic":false}