{"cameraMode":{"drawMode":0,"name":"Shaded","section":"Shading Mode"},"sceneLighting":false,"audioPlay":false,"sceneViewState":{"m_AlwaysRefresh":false,"showFog":true,"showSkybox":true,"showFlares":true,"showImageEffects":true,"showParticleSystems":true,"showVisualEffectGraphs":true,"m_FxEnabled":true},"in2DMode":false,"pivot":{"x":-3.5178017616271974,"y":17.762592315673829,"z":13.12897777557373},"rotation":{"x":0.34430551528930666,"y":-0.6498671174049377,"z":0.5301633477210999,"w":0.42205849289894106},"size":6.6990251541137699,"orthographic":false}