{"cameraMode":{"drawMode":0,"name":"Shaded","section":"Shading Mode"},"sceneLighting":false,"audioPlay":false,"sceneViewState":{"m_AlwaysRefresh":false,"showFog":true,"showSkybox":false,"showFlares":true,"showImageEffects":true,"showParticleSystems":true,"showVisualEffectGraphs":true,"m_FxEnabled":true},"in2DMode":false,"pivot":{"x":0.05976920947432518,"y":0.3783157169818878,"z":-0.8896204233169556},"rotation":{"x":-0.15522697567939759,"y":-0.07490550726652146,"z":0.011806412599980832,"w":-0.9849709272384644},"size":0.06746713817119599,"orthographic":false}