{"cameraMode":{"drawMode":0,"name":"Shaded","section":"Shading Mode"},"sceneLighting":false,"audioPlay":false,"sceneViewState":{"m_AlwaysRefresh":false,"showFog":true,"showSkybox":false,"showFlares":true,"showImageEffects":true,"showParticleSystems":true,"showVisualEffectGraphs":true,"m_FxEnabled":true},"in2DMode":false,"pivot":{"x":-0.34342339634895327,"y":0.5799155235290527,"z":-1.3461456298828126},"rotation":{"x":0.2066636085510254,"y":0.28099536895751955,"z":-0.06210087239742279,"w":0.9351498484611511},"size":0.03562743961811066,"orthographic":false}