{"cameraMode":{"drawMode":0,"name":"Shaded","section":"Shading Mode"},"sceneLighting":false,"audioPlay":false,"sceneViewState":{"m_AlwaysRefresh":false,"showFog":true,"showSkybox":false,"showFlares":true,"showImageEffects":true,"showParticleSystems":true,"showVisualEffectGraphs":true,"m_FxEnabled":true},"in2DMode":false,"pivot":{"x":0.46318376064300539,"y":1.0876356363296509,"z":-0.0574912466108799},"rotation":{"x":0.34488868713378909,"y":-0.09467397630214691,"z":0.03498389571905136,"w":0.9332200288772583},"size":0.03562743961811066,"orthographic":false}