{"cameraMode":{"drawMode":0,"name":"Shaded","section":"Shading Mode"},"sceneLighting":false,"audioPlay":false,"sceneViewState":{"m_AlwaysRefresh":false,"showFog":true,"showSkybox":false,"showFlares":true,"showImageEffects":true,"showParticleSystems":true,"showVisualEffectGraphs":true,"m_FxEnabled":true},"in2DMode":false,"pivot":{"x":0.1767885833978653,"y":-0.08823287487030029,"z":0.993086576461792},"rotation":{"x":-0.16033799946308137,"y":0.18012356758117677,"z":-0.029773114249110223,"w":-0.9700334668159485},"size":0.7697892785072327,"orthographic":false}